Link,Preis,Beschreibung,Details,Adresse,Features,Vollständige_Adresse,Latitude,Longitude,created_date,closed_date,Preis_cleaned,Wohnfläche,Grundstücksfläche,Zimmer,Preis_pro_qm
https://www.immowelt.de/expose/bbc45e2b-a3e9-4139-9b82-606606d4f35a,352.000 € 4.655 €/m²,Wohnung zum Kauf,"3 Zimmer·75,6 m²","Friedrich-Wilhelm-Straße 77, Barbara 4, Trier (54290)","2025; Tiefgarage; Personenaufzug; Balkon; Bad mit Dusche; Terrasse; Bodenbelag: Fliesen, Parkett; Kabelanschluss",Keine Adresse gefunden,,,2024-12-31,,352000.0,75.6,,3.0,4656.084656084657
https://www.immowelt.de/expose/54dcb821-8683-4163-8d93-58b07cb87ac4,620.000 € 1.746 €/m²,Mehrfamilienhaus zum Kauf,13 Zimmer·355 m²,"Matthias 3, Trier (54290)","Badezimmer: Badewanne, Bad mit Dusche, Bad mit Fenster; voll unterkellert; Bodenbelag: Fliesen, Laminat; als Kapitalanlage geeignet",Keine Adresse gefunden,,,2024-12-31,,620000.0,355.0,,13.0,1746.4788732394366
https://www.immowelt.de/expose/b2e74f61-38fe-424b-bc4f-2fd772f411d0,449.000 € 2.993 €/m²,Wohnung zum Kauf,4 Zimmer·150 m²·1. Geschoss,"Barbara 5, Trier (54290)","Bezug nach Absprache; Stellplatz; 1. Geschoss; Bad mit Dusche; Einbauküche; Kelleranteil; Terrasse; Bodenbelag: Fliesen, Parkett, Teppich",Keine Adresse gefunden,,,2024-12-31,,449000.0,150.0,,4.0,2993.3333333333335
https://www.immowelt.de/expose/89ee5085-4d92-4b97-aa43-509b2f4aaeb7,2.190.000 € 4.977 €/m²,Mehrfamilienhaus zum Kauf,19 Zimmer·440 m²·350 m² Grundstück,"Alt-Kürenz 1, Trier (54295)","2025; Duplex-Stellplatz; Balkon; Barrierefrei; kontrollierte Be- und Entlüftungsanlage; Badezimmer: Badewanne, Bad mit Dusche; WG-geeignet; voll unterkellert",Keine Adresse gefunden,,,2024-12-31,,2190000.0,440.0,350.0,19.0,4977.272727272727
https://www.immowelt.de/projekte/expose/k2wz432,359.000 € 4.957 €/m²,Penthouse zum Kauf,"2 Zimmer·72,4 m²","Alt-Kürenz 1, Trier (54295)",,Keine Adresse gefunden,,,2024-12-31,,359000.0,72.4,,2.0,4958.563535911602
https://www.immowelt.de/projekte/expose/k2wz432,479.000 € 5.058 €/m²,Wohnung zum Kauf,"3 Zimmer·94,7 m²","Alt-Kürenz 1, Trier (54295)",,Keine Adresse gefunden,,,2024-12-31,,479000.0,94.7,,3.0,5058.078141499472
https://www.immowelt.de/expose/14df6e54-3c3b-492e-b849-9db96abb6a96,750.000 € 3.074 €/m²,Einfamilienhaus zum Kauf,244 m²,"Neu-Heiligkreuz 4, Trier (54295)","3 Stellplätze: Garage, 2 Außen-Stellplätze; Bidet; Waschraum; voll unterkellert; voll klimatisiert; Bodenbelag: Laminat, Stein; Sauna; Fernblick",Keine Adresse gefunden,,,2024-12-31,,750000.0,244.0,,,3073.7704918032787
https://www.immowelt.de/projekte/expose/k24d632,556.100 € 5.576 €/m²,Wohnung zum Kauf,"3 Zimmer·99,7 m²","Maximin 4, Trier (54292)",,Keine Adresse gefunden,,,2024-12-31,,556100.0,99.7,,3.0,5577.733199598796
https://www.immowelt.de/projekte/expose/k24d632,431.900 € 5.582 €/m²,Wohnung zum Kauf,"3 Zimmer·77,4 m²","Maximin 4, Trier (54292)",,Keine Adresse gefunden,,,2024-12-31,,431900.0,77.4,,3.0,5580.103359173127
https://www.immowelt.de/projekte/expose/k2wz432,514.000 € 4.883 €/m²,Wohnung zum Kauf,"4 Zimmer·105,3 m²","Alt-Kürenz 1, Trier (54295)",,Keine Adresse gefunden,,,2024-12-31,,514000.0,105.3,,4.0,4881.291547958214
https://www.immowelt.de/projekte/expose/k24d632,643.000 € 5.636 €/m²,Maisonette zum Kauf,"4 Zimmer·114,1 m²","Maximin 4, Trier (54292)",,Keine Adresse gefunden,,,2024-12-31,,643000.0,114.1,,4.0,5635.407537248028
https://www.immowelt.de/projekte/expose/k24d632,878.000 € 5.874 €/m²,Maisonette zum Kauf,"5 Zimmer·149,5 m²","Maximin 4, Trier (54292)",,Keine Adresse gefunden,,,2024-12-31,,878000.0,149.5,,5.0,5872.909698996656
https://www.immowelt.de/expose/90187034-063e-464a-932c-7870377597d6,57.000 € 3.063 €/m²,Wohnung zum Kauf,"1 Zimmer·18,6 m²·2. Geschoss·frei ab sofort","Nordallee 3, Maximin 6, Trier (54292)",Frei ab sofort; 2. Geschoss; Einbauküche; vermietet,Keine Adresse gefunden,,,2024-12-31,,57000.0,18.6,,1.0,3064.516129032258
https://www.immowelt.de/expose/a410103a-b112-45b5-8134-9b2634526ea2,716.000 € 4.997 €/m²,Penthouse zum Kauf,"4 Zimmer·143,3 m²·frei ab sofort","Friedrich-Wilhelm-Straße 77, Barbara 4, Trier (54290)","2025; Tiefgarage; Personenaufzug; Bad mit Dusche; Terrasse; Bodenbelag: Fliesen, Parkett; Kabelanschluss; Fenster: Kunststoff",Keine Adresse gefunden,,,2024-12-31,,716000.0,143.3,,4.0,4996.510816468945
https://www.immowelt.de/expose/a4ad698e-5a46-47b1-959c-f52f026fbbc1,78.000 € 3.900 €/m²,Wohnung zum Kauf,1 Zimmer·20 m²·EG·frei ab sofort,"Alt-Kürenz 3, Trier (54290)","Erdgeschoss; Bad mit Dusche; Einbauküche, Kochnische, Offene Küche; Bodenbelag: Laminat; Fenster: Kunststoff",Keine Adresse gefunden,,,2024-12-31,,78000.0,20.0,,1.0,3900.0
https://www.immowelt.de/expose/518d3954-085e-41d0-9a9f-dca375f34079,269.000 € 3.057 €/m²,Wohnung zum Kauf,3 Zimmer·88 m²·2. Geschoss·frei ab sofort,"Altstadt 6, Trier (54290)",Frei ab sofort; Personenaufzug; Balkon; 2. Geschoss; Kelleranteil,Keine Adresse gefunden,,,2024-12-31,,269000.0,88.0,,3.0,3056.818181818182
https://www.immowelt.de/expose/f24fb877-b14d-4442-ad49-64710dc81456,389.000 € 3.670 €/m²,Wohnung zum Kauf,3 Zimmer·106 m²·2. Geschoss·frei ab sofort,"Bergstr.28, Gartenfeld 2, Trier (54295)","sofort; Außen-Stellplatz; Balkon; 2. Geschoss; Badezimmer: Bad mit Dusche, Bad mit Fenster; Gäste-WC; Kelleranteil; Haustiere erlaubt",Keine Adresse gefunden,,,2024-12-31,,389000.0,106.0,,3.0,3669.811320754717
https://www.immowelt.de/expose/f8c6cb80-42b8-4b0b-a2bb-ce930ce99687,4.995.000 € 5.369 €/m²,Mehrfamilienhaus zum Kauf,"930,4 m²","Barbara 4, Trier (54290)","2026; 17 Stellplätze: Garage, Außen-Stellplatz, Tiefgarage; Personenaufzug; Balkon; 4 Geschosse; DSL-Anschluss; Bad mit Dusche; Kelleranteil",Keine Adresse gefunden,,,2024-12-31,,4995000.0,930.4,,,5368.65864144454
https://www.immowelt.de/projekte/expose/k2wz432,385.400 € 5.183 €/m²,Wohnung zum Kauf,"3 Zimmer·74,4 m²","Alt-Kürenz 1, Trier (54295)",,Keine Adresse gefunden,,,2024-12-31,,385400.0,74.4,,3.0,5180.10752688172
https://www.immowelt.de/expose/4f9fe860-471e-4e45-bad1-dd125e2b31b7,585.000 € 3.398 €/m²,Mehrfamilienhaus zum Kauf,"9 Zimmer·172,1 m²·176 m² Grundstück","Maximin 4, Trier (54292)",Garten; vermietet; voll erschlossen,Keine Adresse gefunden,,,2024-12-31,,585000.0,172.1,176.0,9.0,3399.1865194654274
https://www.immowelt.de/expose/1ad62ff6-861e-4520-86a0-01e4e9e13d6c,479.000 € 4.519 €/m²,Wohnung zum Kauf,106 m²·EG·frei ab sofort,"Neu-Kürenz 1, Trier (54296)","Frei ab sofort; Tiefgarage; Personenaufzug; Balkon; Barrierefrei; Erdgeschoss; Badezimmer: Bad mit Dusche, Bad mit Fenster; Einbauküche",Keine Adresse gefunden,,,2024-12-31,,479000.0,106.0,,,4518.867924528302
https://www.immowelt.de/expose/47dc1557-da10-4947-9d34-835361870648,790.000 € 5.374 €/m²,Wohnung zum Kauf,3 Zimmer·147 m²·2. Geschoss,"Altstadt 6, Trier (54290)","ab sofort; Personenaufzug; Balkon; Rollstuhlgerecht; 2. Geschoss; Badezimmer: Badewanne, Bad mit Dusche, Bad mit Fenster; Gäste-WC; Einbauküche",Keine Adresse gefunden,,,2024-12-31,,790000.0,147.0,,3.0,5374.149659863946
https://www.immowelt.de/expose/8669fbc7-737f-4da8-b176-d247d5f75204,1.450.000 € 3.625 €/m²,Villa zum Kauf,400 m²·720 m² Grundstück·frei ab sofort,"Altstadt 1, Trier (54290)","ab sofort; 4 Stellplätze: Garage, Außen-Stellplatz; Balkon; 3 Geschosse; Gäste-WC; Garten; Kelleranteil; ausbaufähiges Dach",Keine Adresse gefunden,,,2024-12-31,,1450000.0,400.0,720.0,,3625.0
https://www.immowelt.de/expose/5b2802a4-1e07-4828-9495-07b6da26a492,790.000 € 3.160 €/m²,Einfamilienhaus zum Kauf,10 Zimmer·250 m²·1.000 m² Grundstück,"Neu-Heiligkreuz 4, Trier (54295)","nach Vereinbarung; 4 Stellplätze: Garage, Außen-Stellplatz; Balkon; 2 Geschosse; Bad mit Fenster; Gäste-WC; Einbauküche; Garten",Keine Adresse gefunden,,,2024-12-31,,790000.0,250.0,1000.0,10.0,3160.0
https://www.immowelt.de/expose/671e30de-95bd-4fb2-b282-6e636cad5f7c,Preis auf Anfrage,Wohnung zum Kauf,"2 Zimmer·85,3 m²·1. Geschoss","Maximin 5, Trier (54290)",nach Vereinbarung; Außen-Stellplatz; Personenaufzug; Balkon; 1. Geschoss,Keine Adresse gefunden,,,2024-12-31,,,85.3,,2.0,
https://www.immowelt.de/expose/ec63d378-9d6e-48e5-88a1-da46e24bbafd,200.000 € 4.000 €/m²,Studio zum Kauf,"1 Zimmer·50,4 m²·1. Geschoss·frei ab sofort","Robert-Schumann-Allee 18, Neu-Kürenz 2, Trier (54296)",2014; Stellplatz; Personenaufzug; Balkon; möbliert; Rollstuhlgerecht; 1. Geschoss; Bad mit Dusche,Keine Adresse gefunden,,,2024-12-31,,200000.0,50.4,,1.0,3968.253968253968
https://www.immowelt.de/expose/2e9d1bb2-2147-4453-b4d0-9832d5d5a3eb,229.800 € 3.648 €/m²,Wohnung zum Kauf,3 Zimmer·63 m²·2. Geschoss,"Altstadt 5, Trier (54295)","nach Vereinbarung; 2. Geschoss; Badezimmer: Badewanne, Bad mit Dusche, Bad mit Fenster; Einbauküche; Kelleranteil; Kabelanschluss; vermietet",Keine Adresse gefunden,,,2024-12-31,,229800.0,63.0,,3.0,3647.6190476190477
https://www.immowelt.de/expose/52d10bed-c566-4e5a-93be-ba5cb442b7c7,329.000 € 3.075 €/m²,Wohnung zum Kauf,3 Zimmer·107 m²·1. Geschoss,"Altstadt 6, Trier (54290)","sofort; 1. Geschoss; Bad mit Dusche; Einbauküche; Bodenbelag: Fliesen, Laminat",Keine Adresse gefunden,,,2024-12-31,,329000.0,107.0,,3.0,3074.766355140187
https://www.immowelt.de/expose/3ad6d174-0b65-44eb-afad-bd10d391b5c2,Preis auf Anfrage,Wohnung zum Kauf,"2 Zimmer·49,9 m²·1. Geschoss","Maximin 5, Trier (54290)",nach Vereinbarung; Außen-Stellplatz; Personenaufzug; 1. Geschoss,Keine Adresse gefunden,,,2024-12-31,,,49.9,,2.0,
https://www.immowelt.de/expose/8a8ce174-f9a6-4a77-a586-a9e1148e3de0,Preis auf Anfrage,Wohnung zum Kauf,2 Zimmer·50 m²·2. Geschoss,"Maximin 5, Trier (54290)",nach Vereinbarung; Außen-Stellplatz; Personenaufzug; 2. Geschoss,Keine Adresse gefunden,,,2024-12-31,,,50.0,,2.0,
https://www.immowelt.de/expose/d8b42016-32a4-4634-a9ba-7bf0f7d2d45a,Preis auf Anfrage,Wohnung zum Kauf,"2 Zimmer·71,6 m²·2. Geschoss","Maximin 5, Trier (54292)",nach Vereinbarung; Außen-Stellplatz; Personenaufzug; Balkon; 2. Geschoss,Keine Adresse gefunden,,,2024-12-31,,,71.6,,2.0,
https://www.immowelt.de/expose/15ae023b-bef7-4d7d-9bae-ce5daa512dea,Preis auf Anfrage,Wohnung zum Kauf,"3 Zimmer·110,9 m²·3. Geschoss","Maximin 5, Trier (54290)",nach Vereinbarung; 2 Stellplätze: 2 Außen-Stellplätze; Personenaufzug; Balkon; 3. Geschoss,Keine Adresse gefunden,,,2024-12-31,,,110.9,,3.0,
https://www.immowelt.de/projekte/expose/k2wz432,514.000 € 4.883 €/m²,Wohnung zum Kauf,"3 Zimmer·105,3 m²","Alt-Kürenz 1, Trier (54295)",,Keine Adresse gefunden,,,2024-12-31,,514000.0,105.3,,3.0,4881.291547958214
https://www.immowelt.de/projekte/expose/k2wz432,539.000 € 4.954 €/m²,Wohnung zum Kauf,"3 Zimmer·108,8 m²","Alt-Kürenz 1, Trier (54295)",,Keine Adresse gefunden,,,2024-12-31,,539000.0,108.8,,3.0,4954.044117647059
https://www.immowelt.de/projekte/expose/k2wz432,539.000 € 4.917 €/m²,Wohnung zum Kauf,"4 Zimmer·109,6 m²","Alt-Kürenz 1, Trier (54295)",,Keine Adresse gefunden,,,2024-12-31,,539000.0,109.6,,4.0,4917.883211678833
https://www.immowelt.de/projekte/expose/k2wz432,629.000 € 5.114 €/m²,Penthouse zum Kauf,3 Zimmer·123 m²,"Alt-Kürenz 1, Trier (54295)",,Keine Adresse gefunden,,,2024-12-31,,629000.0,123.0,,3.0,5113.821138211382
https://www.immowelt.de/expose/7f9b5c68-ba1d-4882-825b-33d523abfa61,625.000 € 3.049 €/m²,Mehrfamilienhaus zum Kauf,11 Zimmer·205 m²·603 m² Grundstück,"Alt-Kürenz 3, Trier (54295)","4 Geschosse; DSL-Anschluss; Badezimmer: Badewanne, Bad mit Fenster; WG-geeignet; Einbauküche; Garten; voll unterkellert; ausgebautes Dach",Keine Adresse gefunden,,,2024-12-31,,625000.0,205.0,603.0,11.0,3048.7804878048782
https://www.immowelt.de/expose/abc1cdd8-c7f8-444e-8ca9-a69e67f21bac,289.000 € 3.360 €/m²,Wohnung zum Kauf,3 Zimmer·86 m²,"Olewig 3, Trier (54295)","nach Vereinbarung; Personenaufzug; Balkon; Kelleranteil; Bodenbelag: Fliesen, Laminat; Fernblick",Keine Adresse gefunden,,,2024-12-31,,289000.0,86.0,,3.0,3360.4651162790697
https://www.immowelt.de/projekte/expose/k2wz432,385.400 € 5.183 €/m²,Wohnung zum Kauf,"3 Zimmer·74,4 m²","Alt-Kürenz 1, Trier (54295)",,Keine Adresse gefunden,,,2024-12-31,,385400.0,74.4,,3.0,5180.10752688172
https://www.immowelt.de/expose/88e2f05c-6e79-41ee-8ac8-05f7bc0532ee,450.000 € 3.750 €/m²,Einfamilienhaus zum Kauf,5 Zimmer·120 m²·211 m² Grundstück,"Neu-Heiligkreuz 5, Trier (54295)","Bezugsfrei; Stellplatz; Bad mit Fenster; Gäste-WC; Garten; voll unterkellert; Terrasse; Bodenbelag: Fliesen, Linoleum, Teppich",Keine Adresse gefunden,,,2024-12-31,,450000.0,120.0,211.0,5.0,3750.0
https://www.immowelt.de/expose/e50081df-c533-44ae-8b25-92172aa405d1,241.000 € 4.828 €/m²,Wohnung zum Kauf,"2 Zimmer·49,9 m²","Friedrich-Wilhelm-Straße 77, Barbara 4, Trier (54290)","2025; Tiefgarage; Personenaufzug; Balkon; Bad mit Dusche; Terrasse; Bodenbelag: Fliesen, Parkett; Kabelanschluss",Keine Adresse gefunden,,,2024-12-31,,241000.0,49.9,,2.0,4829.659318637275
https://www.immowelt.de/expose/7eec87b7-014f-489b-8914-547d92f6139d,296.000 € 4.896 €/m²,Wohnung zum Kauf,"2 Zimmer·60,5 m²","Friedrich-Wilhelm-Straße 77, Barbara 4, Trier (54290)","2026; Tiefgarage; Personenaufzug; Balkon; Bad mit Dusche; Terrasse; Bodenbelag: Fliesen, Parkett; Kabelanschluss",Keine Adresse gefunden,,,2024-12-31,,296000.0,60.5,,2.0,4892.561983471074
https://www.immowelt.de/expose/ec8e3fcd-142f-4046-a5e1-d9873298db2f,351.000 € 4.601 €/m²,Wohnung zum Kauf,"3 Zimmer·76,3 m²","Friedrich-Wilhelm-Straße 77, Barbara 4, Trier (54290)","2025; Tiefgarage; Personenaufzug; Balkon; Bad mit Dusche; Terrasse; Bodenbelag: Fliesen, Parkett; Kabelanschluss",Keine Adresse gefunden,,,2024-12-31,,351000.0,76.3,,3.0,4600.262123197903
https://www.immowelt.de/expose/1965e235-66b0-449a-987a-4431b4d6bbae,367.000 € 4.804 €/m²,Wohnung zum Kauf,"3 Zimmer·76,4 m²","Friedrich-Wilhelm-Straße 77, Barbara 4, Trier (54290)","2025; Tiefgarage; Personenaufzug; Balkon; Bad mit Dusche; Terrasse; Bodenbelag: Fliesen, Parkett; Kabelanschluss",Keine Adresse gefunden,,,2024-12-31,,367000.0,76.4,,3.0,4803.664921465968
https://www.immowelt.de/expose/bd282be7-f3d4-42df-9091-7a56cf5377fb,Preis auf Anfrage,Haus zum Kauf,225 m²·422 m² Grundstück·frei ab sofort,"Memelstraße 17, Neu-Heiligkreuz 1, Trier (54295)",sofort; Garage; Balkon; Einbauküche; ausgebautes Dach; Terrasse,Keine Adresse gefunden,,,2024-12-31,,,225.0,422.0,,
https://www.immowelt.de/expose/169e60b8-2f18-42d7-bc64-d2b9c4f1a736,217.500 € 4.350 €/m²,Wohnung zum Kauf,1 Zimmer·50 m²,"Altstadt 3, Trier (54296)",sofort; Personenaufzug; Balkon; Barrierefrei; Bad mit Dusche; Kochnische; Kelleranteil,Keine Adresse gefunden,,,2024-12-31,,217500.0,50.0,,1.0,4350.0
https://www.immowelt.de/expose/596391e2-5d47-4410-bcc2-7adf77dcf56c,225.000 € 3.409 €/m²,Wohnung zum Kauf,2 Zimmer·66 m²,"Olewig 1, Trier (54295)",nach Vereinabrung; Außen-Stellplatz; Balkon; Bad mit Dusche; Einbauküche; Garten; Kelleranteil; Bodenbelag: Fliesen,Keine Adresse gefunden,,,2024-12-31,,225000.0,66.0,,2.0,3409.090909090909
https://www.immowelt.de/expose/63785cd3-415e-41ab-b688-6ee81fc8d954,465.000 € 2.657 €/m²,Bungalow zum Kauf,175 m²·328 m² Grundstück,"Mariahof 2, Trier (54296)","Garage; Badezimmer: Badewanne, Bad mit Fenster; Gäste-WC; voll unterkellert; Terrasse; Bodenbelag: Fliesen, Parkett",Keine Adresse gefunden,,,2024-12-31,,465000.0,175.0,328.0,,2657.1428571428573
https://www.immowelt.de/expose/67fc1f42-b81f-4f5d-9f3e-db7253b2a369,Preis auf Anfrage,Wohnung zum Kauf,3 Zimmer·92 m²·2. Geschoss,"Alt-Heiligkreuz 1, Trier (54295)","Tiefgarage; Balkon; 2. Geschoss; Bad mit Fenster; Bad/WC getrennt; Bodenbelag: Fliesen, Parkett",Keine Adresse gefunden,,,2024-12-31,,,92.0,,3.0,
https://www.immowelt.de/expose/ca5b7f98-59a1-4251-8e31-1b5379772940,1.700.000 € 3.091 €/m²,Mehrfamilienhaus zum Kauf,550 m²·884 m² Grundstück,"Matthias 2, Trier (54294)","Garage, 12 Außen-Stellplätze; Balkon; Garten",Keine Adresse gefunden,,,2024-12-31,,1700000.0,550.0,884.0,,3090.909090909091
https://www.immowelt.de/expose/61fc7b2f-c9a4-4239-8ce6-e57557aab305,690.000 €,Einfamilienhaus zum Kauf,5 Zimmer·1.058 m² Grundstück,"Matthias 2, Trier (54294)","ab März; 2 Stellplätze: Garage, 2 Außen-Stellplätze; Balkon; Garten",Keine Adresse gefunden,,,2024-12-31,,690000.0,1058.0,1058.0,5.0,652.1739130434783
https://www.immowelt.de/expose/15d76adf-e8e9-4d91-bb57-9332e9a9d02e,249.000 € 4.984 €/m²,Penthouse zum Kauf,2 Zimmer·50 m²,"Altstadt 5, Trier (54290)","2000er; Außen-Stellplatz, Tiefgarage; Personenaufzug; Balkon; 4. Geschoss; Bad mit Dusche; Waschraum; Einbauküche",Keine Adresse gefunden,,,2024-12-31,,249000.0,50.0,,2.0,4980.0
https://www.immowelt.de/expose/e8c690cd-875c-4a94-bf5c-44513638624c,559.000 € 3.937 €/m²,Wohnung zum Kauf,"4,5 Zimmer·142 m²","Altstadt 6, Trier (54290)","sofort; Balkon; 3. Geschoss; Badezimmer: Badewanne, Bad mit Fenster; WG-geeignet; Einbauküche, Speisekammer; Gartenanteil, Garten, Gartenmitbenutzung; Kelleranteil",Keine Adresse gefunden,,,2024-12-31,,559000.0,142.0,,4.5,3936.6197183098593
https://www.immowelt.de/expose/330f5fc4-d639-4dee-adf7-85d473b1374e,Preis auf Anfrage,Haus zum Kauf,225 m²·422 m² Grundstück·frei ab sofort,"Memelstraße 17, Neu-Heiligkreuz 1, Trier (54295)","sofort frei.; Garage, Außen-Stellplatz; Kelleranteil; ausgebautes Dach; Terrasse",Keine Adresse gefunden,,,2024-12-31,,,225.0,422.0,,
https://www.immowelt.de/expose/1e1fbfa0-3ad4-4e1e-91ef-ead928807a7a,220.000 € 3.487 €/m²,Wohnung zum Kauf,"2 Zimmer·63,1 m²·2. Geschoss","Matthias 2, Trier (54290)",nach Vereinbarung; Balkon; 2. Geschoss,Keine Adresse gefunden,,,2024-12-31,,220000.0,63.1,,2.0,3486.529318541997
https://www.immowelt.de/expose/beeb6f1d-c430-4e96-b873-30b912e0ad12,660.000 € 3.084 €/m²,Haus zum Kauf,214 m²,"Zeughausstraße, Maximin 1, Trier (54292)",voll unterkellert; Fenster: Kunststoff; als Kapitalanlage geeignet; vermietet,Keine Adresse gefunden,,,2024-12-31,,660000.0,214.0,,,3084.11214953271
https://www.immowelt.de/expose/d1e139e4-1e27-4f23-81d3-439d319e21c0,640.000 €,Mehrfamilienhaus zum Kauf,Keine Info,"Maximin 5, Trier (54292)",,Keine Adresse gefunden,,,2024-12-31,,640000.0,,,,
https://www.immowelt.de/expose/4c2ea4d1-e365-4715-8fd1-a5e0359aaa8f,68.000 € 2.216 €/m²,Studio zum Kauf,"2 Zimmer·30,7 m²","Maximin 3, Trier (54292)",Außen-Stellplatz,Keine Adresse gefunden,,,2024-12-31,,68000.0,30.7,,2.0,2214.983713355049
https://www.immowelt.de/expose/f09145f6-6321-43ef-9ad0-8deb6982d2ee,260.000 € 1.926 €/m²,Maisonette zum Kauf,5 Zimmer·135 m²,"Maximin 3, Trier (54292)",2 Stellplätze: 2 Außen-Stellplätze,Keine Adresse gefunden,,,2024-12-31,,260000.0,135.0,,5.0,1925.9259259259259
https://www.immowelt.de/expose/d9157930-cef3-4de5-9e02-a14ddeb8a7d0,461.550 € 4.925 €/m²,Wohnung zum Kauf,"2 Zimmer·93,7 m²·EG·frei ab sofort","Domänenstraße, Alt-Kürenz 2, Trier (54295)","2024; Carport, Außen-Stellplatz; Balkon; Barrierefrei, Rollstuhlgerecht; kontrollierte Be- und Entlüftungsanlage; Erdgeschoss; DSL-Anschluss; Badezimmer: Bad mit Dusche, Bad mit Fenster",Keine Adresse gefunden,,,2024-12-31,,461550.0,93.7,,2.0,4925.827107790821
https://www.immowelt.de/expose/35b9bfe8-c7b3-447b-a297-6fdb0aa97ef5,435.700 € 4.589 €/m²,Wohnung zum Kauf,2 Zimmer·95 m²·frei ab sofort,"Domänenstraße, Alt-Kürenz 2, Trier (54295)","ab sofort; Carport, Außen-Stellplatz; kontrollierte Be- und Entlüftungsanlage; DSL-Anschluss; Badezimmer: Bad mit Dusche, Bad mit Fenster; Offene Küche, Speisekammer; Gartenanteil; Kelleranteil",Keine Adresse gefunden,,,2024-12-31,,435700.0,95.0,,2.0,4586.315789473684
https://www.immowelt.de/expose/0b18a8ce-02e5-4335-9a33-6eacbf3ff718,Preis auf Anfrage,Wohnung zum Kauf,2 Zimmer·54 m²·3. Geschoss,"Olewig 1, Trier (54295)","Außen-Stellplatz; 3. Geschoss; Badewanne; Waschraum; Einbauküche; Kelleranteil; Bodenbelag: Fliesen, Laminat; Kabelanschluss",Keine Adresse gefunden,,,2024-12-31,,,54.0,,2.0,
https://www.immowelt.de/expose/6b41d66c-594d-494a-994d-dc4d02ca1fe6,194.340 € 6.000 €/m²,Wohnung zum Kauf,"2 Zimmer·32,4 m²·1. Geschoss","Eberhardstraße 47, Barbara 2, Trier (54290)",Balkon; 1. Geschoss; vermietet,Keine Adresse gefunden,,,2024-12-31,,194340.0,32.4,,2.0,5998.148148148149
https://www.immowelt.de/expose/bfb89320-9238-42d4-a063-522a51c39c29,695.000 € 2.623 €/m²,Mehrfamilienhaus zum Kauf,265 m²·378 m² Grundstück,"Peter-Friedhofen-Str. 8, Maximin 6, Trier (54292)",Balkon; Garten,Keine Adresse gefunden,,,2024-12-31,,695000.0,265.0,378.0,,2622.6415094339623
https://www.immowelt.de/expose/5212afdc-e062-4394-bf04-2f740a6ba6db,139.500 € 3.671 €/m²,Wohnung zum Kauf,1 Zimmer·38 m²·2. Geschoss,"Altstadt 5, Trier (54290)",Personenaufzug; 2. Geschoss; Kelleranteil; Kabelanschluss; vermietet,Keine Adresse gefunden,,,2024-12-31,,139500.0,38.0,,1.0,3671.0526315789475
https://www.immowelt.de/expose/a60b707b-5c23-4d45-a72a-1b555b1043cf,128.900 € 3.267 €/m²,Wohnung zum Kauf,"2 Zimmer·39,5 m²·3. Geschoss","Matthias 1, Trier (54290)","Nach Absprache.; 3. Geschoss; Badezimmer: Bad mit Dusche, Bad mit Fenster; Einbauküche; vermietet",Keine Adresse gefunden,,,2024-12-31,,128900.0,39.5,,2.0,3263.2911392405063
https://www.immowelt.de/expose/4a487b06-2718-4086-9aa7-7c34c875a930,325.000 € 3.944 €/m²,Wohnung zum Kauf,"4 Zimmer·82,4 m²·1. Geschoss","Altstadt 5, Trier (54295)","Sofort; Carport; Balkon; 1. Geschoss; Badezimmer: Bad mit Dusche, Bad mit Fenster; Einbauküche; Kelleranteil; Bodenbelag: Fliesen, Parkett",Keine Adresse gefunden,,,2024-12-31,,325000.0,82.4,,4.0,3944.174757281553
https://www.immowelt.de/expose/bd36d900-6067-43b6-8e03-0e0ede07de96,995.000 € 2.182 €/m²,Mehrfamilienhaus zum Kauf,456 m²·11.766 m² Grundstück,"Neu-Kürenz 1, Trier-Petrisberg (54296)","26 Stellplätze: Garage, 22 Außen-Stellplätze; Kein Keller; Bodenbelag: Fliesen; Kabelanschluss",Keine Adresse gefunden,,,2024-12-31,,995000.0,456.0,11766.0,,2182.0175438596493
https://www.immowelt.de/expose/e2203b7f-784c-4b44-beed-791f46b97ba0,120.000 € 3.077 €/m²,Mehrfamilienhaus zum Kauf,1 Zimmer·39 m²,"Barbara 3, Trier (54290)","sofort; Personenaufzug; Barrierefrei, Rollstuhlgerecht; 1 Geschoss; Badezimmer: Bad mit Dusche, Bad mit Fenster; Gäste-WC; Waschraum; Einbauküche",Keine Adresse gefunden,,,2024-12-31,,120000.0,39.0,,1.0,3076.923076923077
https://www.immowelt.de/expose/1206a7f6-a417-4932-924b-c565a6edf82b,120.000 € 3.077 €/m²,Wohnung zum Kauf,1 Zimmer·39 m²·1. Geschoss,"Barbara 3, Trier (54290)","sofort; Personenaufzug; Barrierefrei, Rollstuhlgerecht; 1. Geschoss; Badezimmer: Bad mit Dusche, Bad mit Fenster; Gäste-WC; Waschraum; Einbauküche",Keine Adresse gefunden,,,2024-12-31,,120000.0,39.0,,1.0,3076.923076923077
https://www.immowelt.de/expose/9600c307-69c1-4dbf-b1f6-0ec98c60eefa,215.000 € 2.824 €/m²,Wohnung zum Kauf,"3 Zimmer·76,1 m²·4. Geschoss·frei ab sofort","Neu-Heiligkreuz 1, Trier / Heiligkreuz (54295)",Frei ab sofort; Personenaufzug; Barrierefrei; 4. Geschoss; Bodenbelag: Parkett,Keine Adresse gefunden,,,2024-12-31,,215000.0,76.1,,3.0,2825.229960578187
https://www.immowelt.de/expose/3b327183-a6ec-4f90-908d-45fae98ff4c0,2.190.000 € 4.977 €/m²,Mehrfamilienhaus zum Kauf,19 Zimmer·440 m²·350 m² Grundstück·teilbar ab 440 m²,"Alt-Kürenz 1, Trier (54295)","2025; Duplex-Stellplatz; Balkon; Barrierefrei; kontrollierte Be- und Entlüftungsanlage; Badezimmer: Badewanne, Bad mit Dusche; WG-geeignet; voll unterkellert",Keine Adresse gefunden,,,2024-12-31,,2190000.0,440.0,350.0,19.0,4977.272727272727
https://www.immowelt.de/expose/6ef8d90b-7baa-438c-9ff7-14c031829bda,247.000 € 2.656 €/m²,Reihenmittelhaus zum Kauf,7 Zimmer·93 m²·95 m² Grundstück,"Maximin 2, Trier (54292)",,Keine Adresse gefunden,,,2024-12-31,,247000.0,93.0,95.0,7.0,2655.9139784946237
https://www.immowelt.de/expose/8bf01e4c-4d07-45e3-a481-a02f270641d5,325.000 € 3.515 €/m²,Einfamilienhaus zum Kauf,"4 Zimmer·92,5 m²·1.768 m² Grundstück","Neu-Kürenz 1, Trier (54295)","2 Stellplätze: 2 Außen-Stellplätze; Einbauküche; Garten; Kein Keller; Terrasse; Bodenbelag: Fliesen, Laminat; offener Kamin",Keine Adresse gefunden,,,2024-12-31,,325000.0,92.5,1768.0,4.0,3513.5135135135133
https://www.immowelt.de/expose/da46e1c7-ebd0-4c5a-9b81-74f999fb00c6,792.500 € 5.914 €/m²,Reihenendhaus zum Kauf,5 Zimmer·134 m²·306 m² Grundstück,"Olewig 1, Trier (54296)","kurzfristig nach Vereinbarung; 2 Stellplätze: 2 Carports; kontrollierte Be- und Entlüftungsanlage; Badezimmer: Badewanne, Bad mit Dusche, Bad mit Fenster; Gäste-WC; Waschraum; Kelleranteil; Terrasse",Keine Adresse gefunden,,,2024-12-31,,792500.0,134.0,306.0,5.0,5914.179104477612
https://www.immowelt.de/expose/9836ad05-d9d5-4346-bd7e-e138ce255728,360.000 € 4.478 €/m²,Wohnung zum Kauf,"3 Zimmer·80,4 m²·1. Geschoss·frei ab sofort","Altstadt 3, Trier (54290)","Frei ab sofort; Außen-Stellplatz; Personenaufzug; Balkon; 1. Geschoss; Badezimmer: Badewanne, Bad mit Dusche; Kelleranteil; Bodenbelag: Fliesen, Parkett",Keine Adresse gefunden,,,2024-12-31,,360000.0,80.4,,3.0,4477.611940298507
https://www.immowelt.de/expose/5198120e-abec-45ca-a855-55a1b4b13882,1.275.000 € 4.775 €/m²,Mehrfamilienhaus zum Kauf,16 Zimmer·267 m²·322 m² Grundstück,"Maximin 6, Trier (54292)","5 Stellplätze: 5 Außen-Stellplätze; Personenaufzug; Balkon; Barrierefrei; voll unterkellert; Bodenbelag: Fliesen, Holzdielen; vermietet; voll erschlossen",Keine Adresse gefunden,,,2024-12-31,,1275000.0,267.0,322.0,16.0,4775.2808988764045
https://www.immowelt.de/expose/fd343a15-8128-4cdb-aeec-00a3628b5ee0,162.000 € 3.000 €/m²,Maisonette zum Kauf,2 Zimmer·54 m²,"Güterstr, Alt-Kürenz 3, Trier (54296)","Tiefgarage; teilweise möbliert; Bad mit Dusche; Einbauküche; Bodenbelag: Fliesen, Laminat; als Kapitalanlage geeignet",Keine Adresse gefunden,,,2024-12-31,,162000.0,54.0,,2.0,3000.0
https://www.immowelt.de/expose/402bc423-b5c9-4377-a5f9-2a2f5c7a2b2d,175.000 € 3.125 €/m²,Wohnung zum Kauf,2 Zimmer·56 m²·EG,"Barbara 4, Trier (54290)","Erdgeschoss; Badezimmer: Badewanne, Bad mit Fenster; Kelleranteil; Bodenbelag: Fliesen, Laminat",Keine Adresse gefunden,,,2024-12-31,,175000.0,56.0,,2.0,3125.0
https://www.immowelt.de/expose/dadde19e-81b0-47b5-8d32-24945ce9a9bd,409.000 € 5.165 €/m²,Wohnung zum Kauf,"3 Zimmer·79,2 m²","Alt-Kürenz 1, Trier (54295)",Frühjahr 2025; Tiefgarage; Personenaufzug; Rollstuhlgerecht; kontrollierte Be- und Entlüftungsanlage; Bad mit Dusche; Waschraum; Kelleranteil,Keine Adresse gefunden,,,2024-12-31,,409000.0,79.2,,3.0,5164.141414141414
https://www.immowelt.de/expose/75ffdd58-cba0-4b02-b073-0cff7c6cb0b2,473.000 € 5.147 €/m²,Wohnung zum Kauf,"3 Zimmer·91,9 m²","Alt-Kürenz 1, Trier (54295)","Frühjahr 2025; Tiefgarage; Personenaufzug; Balkon; kontrollierte Be- und Entlüftungsanlage; Badezimmer: Badewanne, Bad mit Dusche, Bad mit Fenster; Gäste-WC; Waschraum",Keine Adresse gefunden,,,2024-12-31,,473000.0,91.9,,3.0,5146.89880304679
https://www.immowelt.de/projekte/expose/k2wz432,497.000 € 4.890 €/m²,Wohnung zum Kauf,"4 Zimmer·101,6 m²",Keine Info,,Keine Adresse gefunden,,,2024-12-31,,497000.0,101.6,,4.0,4891.732283464567
https://www.immowelt.de/projekte/expose/k2wz432,499.000 € 4.852 €/m²,Wohnung zum Kauf,"4 Zimmer·102,9 m²",Keine Info,,Keine Adresse gefunden,,,2024-12-31,,499000.0,102.9,,4.0,4849.368318756074
https://www.immowelt.de/projekte/expose/k2wz432,519.000 € 4.766 €/m²,Wohnung zum Kauf,"3 Zimmer·108,9 m²",Keine Info,,Keine Adresse gefunden,,,2024-12-31,,519000.0,108.9,,3.0,4765.840220385675
https://www.immowelt.de/projekte/expose/k2wz432,529.000 € 4.758 €/m²,Wohnung zum Kauf,"3 Zimmer·111,2 m²",Keine Info,,Keine Adresse gefunden,,,2024-12-31,,529000.0,111.2,,3.0,4757.194244604317
https://www.immowelt.de/expose/16f96004-35f7-4aaf-beeb-a709c72c18ce,295.000 € 3.688 €/m²,Wohnung zum Kauf,2 Zimmer·80 m²,"Altstadt 3, Trier (54290)",Außen-Stellplatz; Einbauküche; Kelleranteil,Keine Adresse gefunden,,,2024-12-31,,295000.0,80.0,,2.0,3687.5
https://www.immowelt.de/expose/6c1ef2b4-99f5-4e0a-a623-28588c3f6010,190.000 € 2.923 €/m²,Wohnung zum Kauf,2 Zimmer·65 m²,"Maximin 3, Trier (54292)","Badezimmer: Badewanne, Bad mit Dusche, Bad mit Fenster; Einbauküche; 1 Monat; Kelleranteil; Bodenbelag: Fliesen, Laminat; Kabelanschluss; Fenster: Sonnenschutz; vermietet",Keine Adresse gefunden,,,2024-12-31,,190000.0,65.0,,2.0,2923.076923076923
https://www.immowelt.de/projekte/expose/k2wz432,349.500 € 5.172 €/m²,Wohnung zum Kauf,"2 Zimmer·67,6 m²",Keine Info,,Keine Adresse gefunden,,,2024-12-31,,349500.0,67.6,,2.0,5170.118343195267
https://www.immowelt.de/projekte/expose/k2wz432,409.000 € 5.165 €/m²,Wohnung zum Kauf,"3 Zimmer·79,2 m²",Keine Info,,Keine Adresse gefunden,,,2024-12-31,,409000.0,79.2,,3.0,5164.141414141414
https://www.immowelt.de/expose/66b82099-2bcc-4175-b2f2-068d70978fd9,359.000 € 4.957 €/m²,Penthouse zum Kauf,"2 Zimmer·72,4 m²","Alt-Kürenz 1, Trier (54295)","Ende 2024; Tiefgarage; Personenaufzug; kontrollierte Be- und Entlüftungsanlage; Badezimmer: Badewanne, Bad mit Fenster; Gäste-WC; Waschraum; Kelleranteil",Keine Adresse gefunden,,,2024-12-31,,359000.0,72.4,,2.0,4958.563535911602
https://www.immowelt.de/expose/5aff3f90-bae1-4f73-ad6f-898f9b9696d2,419.000 € 3.198 €/m²,Reihenmittelhaus zum Kauf,6 Zimmer·131 m²·305 m² Grundstück,"Olewig 3, Trier-Olewig (54295)","Garage; Balkon; Bad mit Fenster; voll unterkellert; Terrasse; Bodenbelag: Fliesen, Parkett, Laminat",Keine Adresse gefunden,,,2024-12-31,,419000.0,131.0,305.0,6.0,3198.4732824427483
https://www.immowelt.de/expose/2518e778-7e06-4594-b545-7f14ed797549,1.800.000 € 2.308 €/m²,Mehrfamilienhaus zum Kauf,25 Zimmer·780 m²·790 m² Grundstück,"Matthias 3, Trier (54290)",2 Geschosse; als Kapitalanlage geeignet,Keine Adresse gefunden,,,2024-12-31,,1800000.0,780.0,790.0,25.0,2307.6923076923076
https://www.immowelt.de/expose/6da84c78-67de-46ed-bfe6-9c303e26dcba,1.800.000 € 2.308 €/m²,Mehrfamilienhaus zum Kauf,25 Zimmer·780 m²·790 m² Grundstück,"Matthias 3, Trier (54290)",2 Geschosse; Bad mit Dusche; Kelleranteil; Bodenbelag: Kunststoff; Fenster: Holz; vermietet,Keine Adresse gefunden,,,2024-12-31,,1800000.0,780.0,790.0,25.0,2307.6923076923076
https://www.immowelt.de/expose/2daae2fa-08ad-4f7f-972d-3660c31fd98c,650.000 € 4.333 €/m²,Mehrfamilienhaus zum Kauf,7 Zimmer·150 m²·405 m² Grundstück,"Alt-Kürenz 2, Trier (54295)","6 Stellplätze: 6 Außen-Stellplätze; Balkon; Badezimmer: Bad mit Dusche, Bad mit Fenster; Gäste-WC; Einbauküche; Garten; voll unterkellert; Bodenbelag: Fliesen",Keine Adresse gefunden,,,2024-12-31,,650000.0,150.0,405.0,7.0,4333.333333333333
https://www.immowelt.de/expose/e641fcc8-5427-438a-b03c-70c3d9186a5a,155.000 € 2.925 €/m²,Maisonette zum Kauf,2 Zimmer·53 m²,"Alt-Kürenz 3, Trier (54295)","Kochnische; Bodenbelag: Fliesen, Laminat",Keine Adresse gefunden,,,2024-12-31,,155000.0,53.0,,2.0,2924.5283018867926
https://www.immowelt.de/expose/73afc6da-41e4-4643-80a8-71dac0e468cd,1.549.000 € 4.892 €/m²,Einfamilienhaus zum Kauf,"5 Zimmer·316,7 m²·412 m² Grundstück","Gartenfeld 2, Trier (54296)","Nach Absprache.; 2 Stellplätze: 2 Außen-Stellplätze; Balkon; Badezimmer: Badewanne, Bad mit Dusche, Bad mit Fenster; Gäste-WC; Einbauküche; Garten; voll unterkellert",Keine Adresse gefunden,,,2024-12-31,,1549000.0,316.7,412.0,5.0,4891.064098515946
https://www.immowelt.de/expose/a901c844-1186-44be-b984-67651c85553d,369.000 € 2.636 €/m²,Einfamilienhaus zum Kauf,4 Zimmer·140 m²·377 m² Grundstück,"Olewig 3, Trier (54295)","Garage; Badezimmer: Badewanne, Bad mit Dusche, Bad mit Fenster; Gäste-WC; Waschraum; Garten; Terrasse",Keine Adresse gefunden,,,2024-12-31,,369000.0,140.0,377.0,4.0,2635.714285714286
https://www.immowelt.de/expose/a15cfdc9-9e7f-41d8-ac24-d1586b0ac490,Preis auf Anfrage,Einfamilienhaus zum Kauf,5 Zimmer·190 m²·928 m² Grundstück,"Olewig 2, Trier (54295)","2 Stellplätze: Garage, 2 Außen-Stellplätze; Badezimmer: Badewanne, Bad mit Dusche, Bad mit Fenster; Gäste-WC; Einbauküche; Garten; voll unterkellert; Terrasse; Bodenbelag: Fliesen, Parkett",Keine Adresse gefunden,,,2024-12-31,,,190.0,928.0,5.0,
https://www.immowelt.de/expose/4d0d338c-87b8-454e-bf0a-ca1715da9cac,645.000 € 5.609 €/m²,Maisonette zum Kauf,3 Zimmer·115 m²,"Barbara 2, Trier (54290)","nach Absprache; Badezimmer: Badewanne, Bad mit Dusche, Bad mit Fenster; Gäste-WC; Einbauküche, Offene Küche; Gartenanteil; Kelleranteil; Bodenbelag: Parkett; Loggia",Keine Adresse gefunden,,,2024-12-31,,645000.0,115.0,,3.0,5608.695652173913
https://www.immowelt.de/expose/a3fe687b-add1-41ff-a195-deda229611eb,Preis auf Anfrage,Doppelhaushälfte zum Kauf,5 Zimmer·152 m²·459 m² Grundstück·frei ab sofort,"Alt-Heiligkreuz 2, Trier (54290)","Frei ab sofort; 2 Stellplätze: Garage; Badezimmer: Badewanne, Bad mit Dusche, Bad mit Fenster; Gäste-WC; Waschraum; Einbauküche; Garten; voll unterkellert",Keine Adresse gefunden,,,2024-12-31,,,152.0,459.0,5.0,
https://www.immowelt.de/expose/35fb2cb5-ebf8-406d-bead-a67efbbde7a9,Preis auf Anfrage,Wohnung zum Kauf,3 Zimmer·145 m²,"Altstadt 4, Trier (54290)","Badezimmer: Bad mit Dusche, Bad mit Fenster; Gäste-WC; Einbauküche, Offene Küche; Kelleranteil; als Ferienimmobilie geeignet; vermietet",Keine Adresse gefunden,,,2024-12-31,,,145.0,,3.0,
https://www.immowelt.de/expose/f22b384e-b024-4553-82ee-fa73ac1de0be,390.000 € 4.279 €/m²,Maisonette zum Kauf,"3 Zimmer·91,2 m²·frei ab sofort","Gartenfeld 3, Trier (54295)",Balkon,Keine Adresse gefunden,,,2024-12-31,,390000.0,91.2,,3.0,4276.315789473684
https://www.immowelt.de/expose/2847ab34-4c7d-44bb-a9da-5ad2d7011112,539.000 € 2.898 €/m²,Mehrfamilienhaus zum Kauf,7 Zimmer·186 m²·444 m² Grundstück,"Olewig 1, Trier (54295)","nach Vereinbarung; 2 Stellplätze: Garage; Balkon; DSL-Anschluss; Badezimmer: Bad mit Dusche, Bad mit Fenster; Waschraum; Einbauküche; voll unterkellert",Keine Adresse gefunden,,,2024-12-31,,539000.0,186.0,444.0,7.0,2897.8494623655915
https://www.immowelt.de/expose/198c58a9-45c5-4c81-ab2a-dc8ab7e95d3d,198.000 € 4.471 €/m²,Wohnung zum Kauf,"2 Zimmer·44,3 m²·1. Geschoss","Gartenfeld 2, Trier-Ost (54295)",1. Geschoss; Kelleranteil; Bodenbelag: Fliesen,Keine Adresse gefunden,,,2024-12-31,,198000.0,44.3,,2.0,4469.525959367946
https://www.immowelt.de/expose/01b45042-4bae-4122-a88f-6ebc44060730,360.000 € 3.600 €/m²,Wohnung zum Kauf,3 Zimmer·100 m²,"Matthias 1, Trier (54290)","Tiefgarage; Badezimmer: Badewanne, Bad mit Dusche, Bad mit Fenster; Kelleranteil; Bodenbelag: Fliesen, Teppich",Keine Adresse gefunden,,,2024-12-31,,360000.0,100.0,,3.0,3600.0
https://www.immowelt.de/expose/d43e247f-b6bc-457a-a388-72ffeb7f637e,540.000 €,Haus zum Kauf,749 m² Grundstück,"Neu-Heiligkreuz 1, Trier (54295)",,Keine Adresse gefunden,,,2024-12-31,,540000.0,749.0,749.0,,720.9612817089453
https://www.immowelt.de/expose/c38a44c0-5dae-43d7-9b36-2b32fc6d5c54,980.000 €,Haus zum Kauf,476 m² Grundstück,"Barbara 5, Trier (54290)",,Keine Adresse gefunden,,,2024-12-31,,980000.0,476.0,476.0,,2058.823529411765
https://www.immowelt.de/expose/f1df2727-3326-465e-910d-522f0df8fb1a,540.000 €,Haus zur Zwangsversteigerung,Keine Info,"Neu-Heiligkreuz 1, Trier (54295)",,Keine Adresse gefunden,,,2024-12-31,,540000.0,,,,
https://www.immowelt.de/expose/c9ebc0ff-17dc-470a-a484-399984dfc1a5,542.000 € 5.416 €/m²,Wohnung zum Kauf,"3 Zimmer·100,1 m²·4. Geschoss","Maximin 5, Trier (54292)",nach Vereinbarung; Außen-Stellplatz; Personenaufzug; Balkon; 4. Geschoss,Keine Adresse gefunden,,,2024-12-31,,542000.0,100.1,,3.0,5414.585414585415
https://www.immowelt.de/expose/760291bc-3712-4e3c-8668-efee332d95e9,Preis auf Anfrage,Haus zum Kauf,21 Zimmer·600 m²·994 m² Grundstück,"Altstadt 6, Trier (54290)","nach Vereinbarung; 20 Stellplätze: 8 Carports, Garage, 6 Außen-Stellplätze; Balkon; voll unterkellert; Wintergarten; Kabelanschluss; vermietet",Keine Adresse gefunden,,,2024-12-31,,,600.0,994.0,21.0,
https://www.immowelt.de/expose/4d48f2a5-db19-4fdb-9eab-f4983b41d524,595.000 € 1.913 €/m²,Bungalow zum Kauf,7 Zimmer·311 m²·2.407 m² Grundstück,"Neu-Heiligkreuz 4, Trier (54295)","Bezugsfrei; Stellplatz; Bad mit Fenster; Gäste-WC; voll unterkellert; Terrasse; Bodenbelag: Parkett, Stein, Teppich; voll erschlossen",Keine Adresse gefunden,,,2024-12-31,,595000.0,311.0,2407.0,7.0,1913.1832797427653
https://www.immowelt.de/expose/dffa46bc-f148-45cf-af11-76de66a72918,238.899 € 1.770 €/m²,Einfamilienhaus zum Kauf,4 Zimmer·135 m²,"Matthias 1, Trier (54290)",kontrollierte Be- und Entlüftungsanlage; Offene Küche,Keine Adresse gefunden,,,2024-12-31,,238899.0,135.0,,4.0,1769.6222222222223
https://www.immowelt.de/expose/09e0b575-f935-481d-b61b-145f3acbea2e,345.000 € 2.875 €/m²,Doppelhaushälfte zum Kauf,5 Zimmer·120 m²·500 m² Grundstück,"Neu-Heiligkreuz 1, Trier (54295)","nach Absprache; Garage; Badezimmer: Bad mit Dusche, Bad mit Fenster; Garten; voll unterkellert; Terrasse; Bodenbelag: Fliesen, Parkett",Keine Adresse gefunden,,,2024-12-31,,345000.0,120.0,500.0,5.0,2875.0
https://www.immowelt.de/expose/23c9c398-5d55-422a-b728-277cc865b1c7,540.000 € 540.000 €/m²,Einfamilienhaus zum Kauf,1 Zimmer·1 m²·749 m² Grundstück,"Neu-Heiligkreuz 1, Trier (54295)",,Keine Adresse gefunden,,,2024-12-31,,540000.0,1.0,749.0,1.0,540000.0
https://www.immowelt.de/expose/3a6b6cd3-8e8d-46eb-a691-876fc1c6c04f,980.000 € 2.112 €/m²,Mehrfamilienhaus zum Kauf,16 Zimmer·464 m²·576 m² Grundstück,"Barbara 2, Trier (54290)",,Keine Adresse gefunden,,,2024-12-31,,980000.0,464.0,576.0,16.0,2112.0689655172414
https://www.immowelt.de/expose/e0a277c7-8830-439d-8208-8681b3cb1103,345.000 € 1.769 €/m²,Mehrfamilienhaus zum Kauf,195 m²·614 m² Grundstück,"Neu-Kürenz 1, Trier (54295)",2 Stellplätze: Garage; Balkon; Garten; voll unterkellert; Terrasse; vermietet,Keine Adresse gefunden,,,2024-12-31,,345000.0,195.0,614.0,,1769.2307692307693
https://www.immowelt.de/expose/1bf9cb45-a02f-48ee-8a31-03ea0ee53978,329.000 € 4.387 €/m²,Wohnung zum Kauf,3 Zimmer·75 m²·1. Geschoss,"Alt-Heiligkreuz 1, Trier-Heiligkreuz (54295)",Balkon; 1. Geschoss; Kelleranteil; Bodenbelag: Holzdielen,Keine Adresse gefunden,,,2024-12-31,,329000.0,75.0,,3.0,4386.666666666667
https://www.immowelt.de/expose/3569f21c-44bb-4238-aebd-8927bca800df,149.800 € 3.257 €/m²,Wohnung zum Kauf,2 Zimmer·46 m²·4. Geschoss,"Maximin 5, Trier (54292)",nach Vereinbarung; Personenaufzug; 4. Geschoss; Badewanne; Gäste-WC; Waschraum; Einbauküche; Kelleranteil,Keine Adresse gefunden,,,2024-12-31,,149800.0,46.0,,2.0,3256.521739130435
https://www.immowelt.de/expose/2b653382-1cd2-443e-bb38-9188c8b71a57,677.000 €,Haus zur Zwangsversteigerung,Keine Info,"Altstadt 3, Trier (54294)",,Keine Adresse gefunden,,,2024-12-31,,677000.0,,,,
https://www.immowelt.de/expose/cd667173-0d18-4ebe-8e9e-8f8de75a5bb4,270.000 € 3.274 €/m²,Maisonette zum Kauf,"3 Zimmer·82,5 m²","Altstadt 7, Trier (54290)",Tiefgarage; Balkon; Bad mit Dusche; Einbauküche; Bodenbelag: Fliesen; vermietet,Keine Adresse gefunden,,,2024-12-31,,270000.0,82.5,,3.0,3272.7272727272725
https://www.immowelt.de/expose/75858fc4-635d-4197-9f21-b12974002b79,819.900 € 2.529 €/m²,Mehrfamilienhaus zum Kauf,"24 Zimmer·324,2 m²·442 m² Grundstück","Alt-Kürenz 2, Trier (54295)","5 Stellplätze: 5 Außen-Stellplätze; Bad mit Dusche; Einbauküche; voll unterkellert; Terrasse; Bodenbelag: Laminat, Kunststoff",Keine Adresse gefunden,,,2024-12-31,,819900.0,324.2,442.0,24.0,2528.9944478716843
https://www.immowelt.de/expose/d3d9a4a7-41b9-4564-889c-6907202024c9,125.000 € 2.553 €/m²,Wohnung zum Kauf,2 Zimmer·49 m²·1. Geschoss,"Altstadt 6, Trier (54290)",nach Abspache; 1. Geschoss; Kelleranteil; vermietet,Keine Adresse gefunden,,,2024-12-31,,125000.0,49.0,,2.0,2551.0204081632655
https://www.immowelt.de/expose/6211df29-4ded-4ec4-b213-854ac9a99eef,295.000 €,Wohnung zum Kauf,2 Zimmer·EG,"Altstadt 8, Trier-City (54290)",Erdgeschoss; Kelleranteil; Denkmalschutz-Afa,Keine Adresse gefunden,,,2024-12-31,,295000.0,,,2.0,
https://www.immowelt.de/expose/a493149e-7f4f-48ec-a2cb-984571b4e6a5,497.021 € 5.462 €/m²,Wohnung zum Kauf,3 Zimmer·91 m²·3. Geschoss,"Gartenfeld 3, Trier (54292)","2026; Tiefgarage; Personenaufzug; Balkon; 3. Geschoss; Badezimmer: Bad mit Dusche, Bad mit Fenster; Gäste-WC; Terrasse",Keine Adresse gefunden,,,2024-12-31,,497021.0,91.0,,3.0,5461.7692307692305
https://www.immowelt.de/expose/2be27496-cc23-41dd-a6f7-2e601bf3df0e,487.939 € 5.422 €/m²,Wohnung zum Kauf,3 Zimmer·90 m²·1. Geschoss·frei ab sofort,"Gartenfeld 3, Trier (54295)","2026; Tiefgarage; Personenaufzug; 1. Geschoss; Badezimmer: Bad mit Dusche, Bad mit Fenster; Gäste-WC; Gartenanteil, Garten; Terrasse",Keine Adresse gefunden,,,2024-12-31,,487939.0,90.0,,3.0,5421.544444444445
https://www.immowelt.de/expose/879f7015-62b3-4899-b34b-939a9c52cb0f,195.000 € 4.134 €/m²,Wohnung zum Kauf,"1 Zimmer·47,2 m²·EG","Altstadt 4, Trier-City (54290)",Erdgeschoss; Kelleranteil; Terrasse; Denkmalschutz-Afa,Keine Adresse gefunden,,,2024-12-31,,195000.0,47.2,,1.0,4131.35593220339
https://www.immowelt.de/expose/0b453b8f-4ab8-4e53-80e2-3dcf9c475858,249.800 € 3.162 €/m²,Wohnung zum Kauf,3 Zimmer·79 m²·2. Geschoss,"Matthias 1, Trier (54290)",nach Vereinbarung; 2. Geschoss; Badewanne; Einbauküche; Kelleranteil; Bodenbelag: Fliesen; vermietet,Keine Adresse gefunden,,,2024-12-31,,249800.0,79.0,,3.0,3162.025316455696
https://www.immowelt.de/expose/37ced9f9-f45d-4961-aec9-1eea24d5f004,459.500 € 1.802 €/m²,Einfamilienhaus zum Kauf,9 Zimmer·255 m²·456 m² Grundstück,"Maximin 6, Trier (54292)",Balkon; Garten; voll unterkellert,Keine Adresse gefunden,,,2024-12-31,,459500.0,255.0,456.0,9.0,1801.9607843137255
https://www.immowelt.de/expose/cd0a05a6-6aa8-474b-9d32-c53f2c975291,433.700 € 4.988 €/m²,Wohnung zum Kauf,2 Zimmer·87 m²·1. Geschoss,"Neu-Kürenz 1, Trier-Kürenz (54295)",Tiefgarage; Balkon; 1. Geschoss; Kelleranteil; Bodenbelag: Fliesen,Keine Adresse gefunden,,,2024-12-31,,433700.0,87.0,,2.0,4985.057471264367
https://www.immowelt.de/expose/754cadb1-f566-48b9-9e2e-069f886ea9ff,85.000 € 4.250 €/m²,Studio zum Kauf,1 Zimmer·20 m²·1. Geschoss,"Alt-Kürenz 3, Trier (54295)",möbliert; 1. Geschoss; Bad mit Dusche; Einbauküche; Bodenbelag: Laminat; vermietet,Keine Adresse gefunden,,,2024-12-31,,85000.0,20.0,,1.0,4250.0
https://www.immowelt.de/expose/f1d4e318-e078-48a0-b2c1-42caf4171da0,950.000 € 1.644 €/m²,Wohn- und Geschäftshaus zum Kauf,578 m²·348 m² Grundstück,"Altstadt 4, Trier (54295)",als Kapitalanlage geeignet; vermietet,Keine Adresse gefunden,,,2024-12-31,,950000.0,578.0,348.0,,1643.598615916955
https://www.immowelt.de/expose/2199f101-8d48-46ef-ae62-828d32db1695,325.000 € 3.736 €/m²,Wohnung zum Kauf,4 Zimmer·87 m²·1. Geschoss·frei ab sofort,"Helenenstraße 1, Gartenfeld 3, Trier (54295)",1. Geschoss,Keine Adresse gefunden,,,2024-12-31,,325000.0,87.0,,4.0,3735.632183908046
https://www.immowelt.de/expose/5faf808a-b81d-4903-8d51-00aac1bbdfb4,325.000 € 3.168 €/m²,Wohnung zum Kauf,"4 Zimmer·102,6 m²·EG·frei ab sofort","Helenenstraße 1, Gartenfeld 3, Trier (54295)",Erdgeschoss; Terrasse,Keine Adresse gefunden,,,2024-12-31,,325000.0,102.6,,4.0,3167.6413255360626
https://www.immowelt.de/expose/a8471733-4fb4-4779-a69d-997d85889e20,278.000 € 4.469 €/m²,Wohnung zum Kauf,"3 Zimmer·62,2 m²·EG","Barbara 1, Trier-Süd (54290)","Balkon; Erdgeschoss; Kelleranteil; Bodenbelag: Fliesen, Parkett; Denkmalschutz-Afa",Keine Adresse gefunden,,,2024-12-31,,278000.0,62.2,,3.0,4469.453376205787
https://www.immowelt.de/expose/44641d25-c44e-49e7-9e8f-93d93862b121,3.600.000 € 2.701 €/m²,Wohn- und Geschäftshaus zum Kauf,1.333 m²,"Altstadt 6, Trier (54290)",als Kapitalanlage geeignet,Keine Adresse gefunden,,,2024-12-31,,3600000.0,1333.0,,,2700.675168792198
https://www.immowelt.de/expose/8e09c0bb-fca8-42fb-9b50-09f8872991f6,Preis auf Anfrage,Doppelhaushälfte zum Kauf,5 Zimmer·80 m²·500 m² Grundstück,"Neu-Heiligkreuz 5, Trier (54295)","Bezug nach Absprache; Stellplatz; Garten; Terrasse; Bodenbelag: Fliesen, Linoleum, Teppich; voll erschlossen",Keine Adresse gefunden,,,2024-12-31,,,80.0,500.0,5.0,
https://www.immowelt.de/expose/31679262-cead-4cb2-8439-5de8acf5cac1,199.900 € 3.173 €/m²,Wohnung zum Kauf,3 Zimmer·63 m²·1. Geschoss,"Nells Ländchen 1, Trier (54292)","sofort; 1. Geschoss; Badezimmer: Badewanne, Bad mit Fenster; Garten; Kelleranteil; Bodenbelag: Laminat",Keine Adresse gefunden,,,2024-12-31,,199900.0,63.0,,3.0,3173.0158730158732
https://www.immowelt.de/expose/893abb7a-b455-4a18-9de8-5b8f2744f8fa,980.000 €,Haus zur Zwangsversteigerung,Keine Info,"Barbara 5, Trier (54290)",,Keine Adresse gefunden,,,2024-12-31,,980000.0,,,,
https://www.immowelt.de/expose/8424913e-4ef3-44ba-b6fc-2f83b18f49d9,459.500 € 1.802 €/m²,Mehrfamilienhaus zum Kauf,9 Zimmer·255 m²·456 m² Grundstück,"Maximin 6, Trier (54292)",Balkon; Garten; voll unterkellert,Keine Adresse gefunden,,,2024-12-31,,459500.0,255.0,456.0,9.0,1801.9607843137255
https://www.immowelt.de/expose/0658f42f-9024-458f-86f3-0a97ec452e67,449.000 € 3.621 €/m²,Reihenendhaus zum Kauf,4 Zimmer·124 m²·551 m² Grundstück·frei ab sofort,"Neu-Heiligkreuz 2, Trier (54295)","sofort; Garage; Badezimmer: Badewanne, Bad mit Dusche, Bad mit Fenster; Gäste-WC; Garten; Kelleranteil; Terrasse; Bodenbelag: Fliesen, Laminat, Estrich",Keine Adresse gefunden,,,2024-12-31,,449000.0,124.0,551.0,4.0,3620.967741935484
https://www.immowelt.de/expose/cfd7de80-c099-4658-884b-8bba2b5d3b88,480.000 € 4.758 €/m²,Wohnung zum Kauf,"4 Zimmer·100,9 m²·2. Geschoss","Maximin 6, Trier (54292)","Außen-Stellplatz; Balkon; 2. Geschoss; Badezimmer: Bad mit Dusche, Bad mit Fenster; Einbauküche; Kelleranteil; Terrasse; Bodenbelag: Fliesen",Keine Adresse gefunden,,,2024-12-31,,480000.0,100.9,,4.0,4757.185332011893
https://www.immowelt.de/expose/f366bdec-721d-4183-9936-5799302d651d,740.000 € 4.123 €/m²,Wohnung zum Kauf,"6 Zimmer·179,5 m²·EG","Maximin 6, Trier (54292)","2 Stellplätze: 2 Außen-Stellplätze; Balkon; Erdgeschoss; Badezimmer: Badewanne, Bad mit Dusche, Bad mit Fenster; Kelleranteil; Terrasse; Bodenbelag: Fliesen, Parkett",Keine Adresse gefunden,,,2024-12-31,,740000.0,179.5,,6.0,4122.562674094707
https://www.immowelt.de/expose/87961b71-5bb2-4d39-9589-3ec42058c80a,586.500 € 5.145 €/m²,Wohnung zum Kauf,4 Zimmer·114 m²·3. Geschoss,"Neu-Kürenz 1, Trier (54296)","2027; 3. Geschoss; Gäste-WC; Kelleranteil; Terrasse; Bodenbelag: Fliesen, Parkett",Keine Adresse gefunden,,,2024-12-31,,586500.0,114.0,,4.0,5144.736842105263
https://www.immowelt.de/expose/1fc304f3-85e8-4e17-9e1f-dd832e6a5796,465.000 € 2.818 €/m²,Haus zum Kauf,165 m²,"Altstadt 1, Trier (54290)",nach Absprache; Terrasse,Keine Adresse gefunden,,,2024-12-31,,465000.0,165.0,,,2818.181818181818
https://www.immowelt.de/expose/91b2eb90-fd64-4194-a91e-bf675fce63fd,149.000 € 4.049 €/m²,Wohnung zum Kauf,"2 Zimmer·36,8 m²·3. Geschoss·frei ab sofort","Moltkestraße 7, Maximin 5, Trier (54292)",3. Geschoss,Keine Adresse gefunden,,,2024-12-31,,149000.0,36.8,,2.0,4048.913043478261
https://www.immowelt.de/expose/3746fc09-ba67-43a3-9c53-2171cb541414,539.000 € 2.898 €/m²,Mehrfamilienhaus zum Kauf,7 Zimmer·186 m²·444 m² Grundstück,"Olewig 1, Trier (54295)","nach Vereinbarung; 2 Stellplätze: Garage; Balkon; DSL-Anschluss; Badezimmer: Bad mit Dusche, Bad mit Fenster; Waschraum; Einbauküche; voll unterkellert",Keine Adresse gefunden,,,2024-12-31,,539000.0,186.0,444.0,7.0,2897.8494623655915
https://www.immowelt.de/expose/947a77ee-5f05-4d4c-be52-ee25bb6f3aab,675.000 € 4.821 €/m²,Studio zum Kauf,3 Zimmer·140 m²·frei ab sofort,"Maximin 5, Trier (54292)","Außen-Stellplatz; Personenaufzug; Balkon; Badezimmer: Badewanne, Bad mit Dusche, Bad mit Fenster; Bad/WC getrennt, Gäste-WC; Einbauküche; Bodenbelag: Fliesen, Parkett",Keine Adresse gefunden,,,2024-12-31,,675000.0,140.0,,3.0,4821.428571428572
https://www.immowelt.de/expose/8e8680cb-8412-4003-a916-e9a0025433f3,990.000 € 2.805 €/m²,Mehrfamilienhaus zum Kauf,14 Zimmer·353 m²·460 m² Grundstück,"Olewig 1, Trier (54295)",nach Vereinbarung; Außen-Stellplatz; Raumaufteilung flexibel; DSL-Anschluss; Bad mit Dusche; Einbauküche; Kelleranteil; Terrasse,Keine Adresse gefunden,,,2024-12-31,,990000.0,353.0,460.0,14.0,2804.5325779036825
